CREATE DATABASE IF NOT EXISTS cinema CHARACTER SET utf8mb4 COLLATE utf8mb4_unicode_ci;

CREATE TABLE `cinema`.`booked` ( `id_booked` INT(10) NOT NULL AUTO_INCREMENT , `placenumber` INT(4) NOT NULL , `payment` VARCHAR(10) NOT NULL , `paymentdone` BOOLEAN NOT NULL , `id_filmshow` INT(10) NOT NULL , `id_spectator` INT(10) NOT NULL , `id_price` INT(3) NOT NULL , PRIMARY KEY (`id_booked`)) ENGINE = InnoDB;
CREATE TABLE `cinema`.`cinemaplace` ( `id_cinemaplace` INT(3) NOT NULL , `name` VARCHAR(100) NOT NULL , `adress` VARCHAR(100) NOT NULL , `city` VARCHAR(100) NOT NULL , `cp` INT(5) NULL, PRIMARY KEY (`id_cinemaplace`) ) ENGINE = InnoDB;
CREATE TABLE `cinema`.`filmshow` ( `id_filmshow` INT(10) NOT NULL , `datetimeshow` DATETIME NOT NULL , `id_movieroom` INT(5) NOT NULL , `id_movie` INT(10) NOT NULL, PRIMARY KEY (`id_filmshow`) ) ENGINE = InnoDB;
CREATE TABLE `cinema`.`movie` ( `id_movie` INT(10) NOT NULL , `title` VARCHAR(100) NOT NULL , `resume` TEXT NOT NULL , `duration` TIME NOT NULL, PRIMARY KEY (`id_movie`) ) ENGINE = InnoDB;
CREATE TABLE `cinema`.`movieroom` ( `id_movieroom` INT(5) NOT NULL , `totalplace` INT(5) NOT NULL , `namemovie_room` VARCHAR(100) NOT NULL , `id_cinemaplace` INT(3) NOT NULL, PRIMARY KEY (`id_movieroom`) ) ENGINE = InnoDB;
CREATE TABLE `cinema`.`price` ( `id_price` INT(2) NOT NULL AUTO_INCREMENT , `priceticket` FLOAT NOT NULL , `categoryprice` VARCHAR(100) NOT NULL , PRIMARY KEY (`id_price`)) ENGINE = InnoDB;
CREATE TABLE `cinema`.`spectator` ( `id_spectator` INT(15) NOT NULL AUTO_INCREMENT , `name` VARCHAR(100) NOT NULL , `surname` VARCHAR(100) NOT NULL , `email` VARCHAR(100) NOT NULL , `birthdate` DATE NOT NULL , `categoryspectator` VARCHAR(100) NOT NULL , `password` VARCHAR(255) NOT NULL , PRIMARY KEY (`id_spectator`)) ENGINE = InnoDB;
CREATE TABLE `cinema`.`user` ( `id_user` INT(3) NOT NULL AUTO_INCREMENT , `email` VARCHAR(100) NOT NULL , `password` VARCHAR(255) NOT NULL , `name` VARCHAR(100) NOT NULL , `surname` VARCHAR(100) NOT NULL , `role` VARCHAR(100) NOT NULL , `id_cinemaplace` INT(3) NOT NULL , PRIMARY KEY (`id_user`)) ENGINE = InnoDB;

use cinema;

ALTER TABLE `booked` ADD CONSTRAINT `booked_filmshow` FOREIGN KEY (`id_filmshow`) REFERENCES `filmshow`(`id_filmshow`) ON DELETE RESTRICT ON UPDATE RESTRICT; ALTER TABLE `booked` ADD CONSTRAINT `booked_price` FOREIGN KEY (`id_price`) REFERENCES `price`(`id_price`) ON DELETE RESTRICT ON UPDATE RESTRICT; ALTER TABLE `booked` ADD CONSTRAINT `booked_spectator` FOREIGN KEY (`id_spectator`) REFERENCES `spectator`(`id_spectator`) ON DELETE RESTRICT ON UPDATE RESTRICT;
ALTER TABLE `filmshow` ADD CONSTRAINT `filmshow_movie` FOREIGN KEY (`id_movie`) REFERENCES `movie`(`id_movie`) ON DELETE RESTRICT ON UPDATE RESTRICT; ALTER TABLE `filmshow` ADD CONSTRAINT `filmshow_movieroom` FOREIGN KEY (`id_movieroom`) REFERENCES `movieroom`(`id_movieroom`) ON DELETE RESTRICT ON UPDATE RESTRICT;
ALTER TABLE `movieroom` ADD CONSTRAINT `movieroom_cinema` FOREIGN KEY (`id_cinemaplace`) REFERENCES `cinemaplace`(`id_cinemaplace`) ON DELETE RESTRICT ON UPDATE RESTRICT;



insert into user (id_user, email, password, name, surname, role, id_cinemaplace) values (1, 'bpeterken0@yellowpages.com', '$2y$12$sfab.7XiMfYwzxUoCSHpneW1w9Wf5iYj/JllZ9/y5tkYp/2pWkxP6', 'Peterken', 'Budd', 'adminall', 1);
insert into user (id_user, email, password, name, surname, role, id_cinemaplace) values (2, 'sbasilotta1@seesaa.net', '$2y$12$EJaYTJso.19lNSvrJtJlJOLS6ZC1SrvO9DD0sfyUvONkE4J8DG7fy', 'Basilotta', 'Sloan', 'adminall', 2);
insert into user (id_user, email, password, name, surname, role, id_cinemaplace) values (3, 'gfilipic2@hibu.com', '$2y$12$dsWtHAERTE2KpQbA93T.0.Jj/AkOJ.dcSNlVeRBPJuZ90zu97oDfm', 'Filipic', 'Giuseppe', 'adminlocal', 3);
insert into user (id_user, email, password, name, surname, role, id_cinemaplace) values (4, 'hbradnocke3@gravatar.com', '$2y$12$aj6xWndo/tRgx42joz6.sOfr6MK6CBJCmHGbvL.qWqDG.X6LfI0r.', 'Bradnocke', 'Hilary', 'adminlocal', 4);
insert into user (id_user, email, password, name, surname, role, id_cinemaplace) values (5, 'swyard4@drupal.org', '$2y$12$KWhvTRJk9KySqjsawBg0de.cDmG1hMsnSirny9/8yHwolqbhchk8W', 'Wyard', 'Sally', 'adminlocal', 5);
insert into user (id_user, email, password, name, surname, role, id_cinemaplace) values (6, 'mgatherer5@webeden.co.uk', '$2y$12$B29rfEf1BWDWy5D8RaG0WeVjIzCNBMzDSjVG.cyvNmDFvY2PDasha', 'Gatherer', 'Marylee', 'adminlocal', 6);
insert into user (id_user, email, password, name, surname, role, id_cinemaplace) values (7, 'eeddies6@state.gov', '$2y$12$npaxgEY/NDi7o.JgK07NjOBmYbeKb9YYNjM9Q/dZioZWopK0IIRUi', 'Eddies', 'Ermengarde', 'adminlocal', 7);
insert into user (id_user, email, password, name, surname, role, id_cinemaplace) values (8, 'dbrocks7@squidoo.com', '$2y$12$2mIfA15foHwr2itQTtdgRe9ONYooJEu3mTXPI17.vqcsE8VnWRkjy', 'Brocks', 'Darell', 'adminlocal', 8);
insert into user (id_user, email, password, name, surname, role, id_cinemaplace) values (9, 'tdrains8@fc2.com', '$2y$12$crj7Do2vZJ3EK0ktJXPlG.Cdi22kEyUwPXW9NjCMM0OI7C2aKfslu', 'Drains', 'Teddie', 'adminlocal', 9);
insert into user (id_user, email, password, name, surname, role, id_cinemaplace) values (10, 'mmeaker9@baidu.com', '$2y$12$b1fVsLjH6e.NswAT9ezOzuoQinskCgvQxJgPZyUNQ4LvpnS.LfINi', 'Meaker', 'Melodee', 'adminlocal', 10);


insert into price (id_price  , priceticket, categoryprice) values (1, '9', 'adult');
insert into price (id_price  , priceticket, categoryprice) values (2, '7', 'student');
insert into price (id_price  , priceticket, categoryprice) values (3, '5', 'child');

insert into cinemaplace (id_cinemaplace, name, adress, city, cp) values (1, 'Noach', 'Meak', 'Zaleszany', '37-415');
insert into cinemaplace (id_cinemaplace, name, adress, city, cp) values (2, 'Addison', 'Conen', 'Boudinar', null);
insert into cinemaplace (id_cinemaplace, name, adress, city, cp) values (3, 'Merilee', 'Durkin', 'Zhaocun', null);
insert into cinemaplace (id_cinemaplace, name, adress, city, cp) values (4, 'Birch', 'Landell', 'Houxi', null);
insert into cinemaplace (id_cinemaplace, name, adress, city, cp) values (5, 'Jorgan', 'Crumb', 'Zangkaxa', null);
insert into cinemaplace (id_cinemaplace, name, adress, city, cp) values (6, 'Nicky', 'Bengochea', 'Gi?ng Trôm', null);
insert into cinemaplace (id_cinemaplace, name, adress, city, cp) values (7, 'Crawford', 'Scardafield', 'Shijie', null);
insert into cinemaplace (id_cinemaplace, name, adress, city, cp) values (8, 'Floria', 'Danovich', 'Liji', null);
insert into cinemaplace (id_cinemaplace, name, adress, city, cp) values (9, 'Buddie', 'Haugg', 'Taiping', null);
insert into cinemaplace (id_cinemaplace, name, adress, city, cp) values (10, 'Nathalia', 'Carneck', 'Gushan', null);
insert into cinemaplace (id_cinemaplace, name, adress, city, cp) values (11, 'Allard', 'Scriver', 'Batticaloa', '30000');
insert into cinemaplace (id_cinemaplace, name, adress, city, cp) values (12, 'Val', 'Assender', 'Yangjia', null);
insert into cinemaplace (id_cinemaplace, name, adress, city, cp) values (13, 'Peggi', 'Sinott', 'Digdig', '9318');
insert into cinemaplace (id_cinemaplace, name, adress, city, cp) values (14, 'Hilary', 'Skipton', 'Newark', '07104');
insert into cinemaplace (id_cinemaplace, name, adress, city, cp) values (15, 'Josie', 'Dufour', 'Kawm ?am?dah', null);
insert into cinemaplace (id_cinemaplace, name, adress, city, cp) values (16, 'Reta', 'Thredder', 'Mah?b?d', null);
insert into cinemaplace (id_cinemaplace, name, adress, city, cp) values (17, 'Daren', 'Cyster', 'Rancakole', null);
insert into cinemaplace (id_cinemaplace, name, adress, city, cp) values (18, 'Thain', 'Battle', 'Xingxi', null);
insert into cinemaplace (id_cinemaplace, name, adress, city, cp) values (19, 'Brenda', 'Kiebes', 'Nankang', null);
insert into cinemaplace (id_cinemaplace, name, adress, city, cp) values (20, 'Lorrie', 'Dubs', 'Mengxingzhuang', null);
insert into cinemaplace (id_cinemaplace, name, adress, city, cp) values (21, 'Correy', 'Ashling', 'Qiqian', null);
insert into cinemaplace (id_cinemaplace, name, adress, city, cp) values (22, 'Kinsley', 'Bisatt', 'Guli', null);
insert into cinemaplace (id_cinemaplace, name, adress, city, cp) values (23, 'Alford', 'Creeboe', 'Santa Clara La Laguna', '07007');
insert into cinemaplace (id_cinemaplace, name, adress, city, cp) values (24, 'Chery', 'McAuslene', 'Taunoa', null);
insert into cinemaplace (id_cinemaplace, name, adress, city, cp) values (25, 'Ethe', 'D''Antonio', 'Bardaï', null);
insert into cinemaplace (id_cinemaplace, name, adress, city, cp) values (26, 'Jordanna', 'Zorzenoni', 'Busuanga', '5317');
insert into cinemaplace (id_cinemaplace, name, adress, city, cp) values (27, 'Stefanie', 'Elvidge', 'Liuji', null);
insert into cinemaplace (id_cinemaplace, name, adress, city, cp) values (28, 'Pierre', 'Beller', 'Curuan', '6511');
insert into cinemaplace (id_cinemaplace, name, adress, city, cp) values (29, 'Bentlee', 'Elby', 'At T?j', null);
insert into cinemaplace (id_cinemaplace, name, adress, city, cp) values (30, 'Jake', 'Mollnar', 'Gajah', null);
insert into cinemaplace (id_cinemaplace, name, adress, city, cp) values (31, 'Megan', 'Plessing', 'Pelópion', null);
insert into cinemaplace (id_cinemaplace, name, adress, city, cp) values (32, 'Hilliary', 'Cheeseman', 'F?man', null);
insert into cinemaplace (id_cinemaplace, name, adress, city, cp) values (33, 'Lib', 'Burgon', 'Bemposta', '4730-010');
insert into cinemaplace (id_cinemaplace, name, adress, city, cp) values (34, 'Brnaby', 'Sallows', 'Rominimbang', '9614');
insert into cinemaplace (id_cinemaplace, name, adress, city, cp) values (35, 'Torrey', 'Scading', 'Batobato', '1091');
insert into cinemaplace (id_cinemaplace, name, adress, city, cp) values (36, 'Swen', 'Olensby', 'Bulacan', '3017');
insert into cinemaplace (id_cinemaplace, name, adress, city, cp) values (37, 'Reed', 'McConaghy', 'Jincheng', null);
insert into cinemaplace (id_cinemaplace, name, adress, city, cp) values (38, 'Martino', 'Vanyutin', 'Kolonowskie', '47-113');
insert into cinemaplace (id_cinemaplace, name, adress, city, cp) values (39, 'Chrysler', 'Twitchett', 'Banqiao', null);
insert into cinemaplace (id_cinemaplace, name, adress, city, cp) values (40, 'Lin', 'Holgan', 'Trujillo', null);
insert into cinemaplace (id_cinemaplace, name, adress, city, cp) values (41, 'Frankie', 'Bratcher', 'Dolní Dvo?išt?', '382 72');
insert into cinemaplace (id_cinemaplace, name, adress, city, cp) values (42, 'Herta', 'Lahy', 'Yuetang', null);
insert into cinemaplace (id_cinemaplace, name, adress, city, cp) values (43, 'Kele', 'Elcott', 'Shuitian', null);
insert into cinemaplace (id_cinemaplace, name, adress, city, cp) values (44, 'Calhoun', 'Bifield', 'Gubu', null);
insert into cinemaplace (id_cinemaplace, name, adress, city, cp) values (45, 'Avrom', 'Bridgwood', 'Souziqiu', null);
insert into cinemaplace (id_cinemaplace, name, adress, city, cp) values (46, 'Sinclare', 'Eplate', 'Kampungbajo', null);
insert into cinemaplace (id_cinemaplace, name, adress, city, cp) values (47, 'Jolie', 'Brunker', 'Mocun', null);
insert into cinemaplace (id_cinemaplace, name, adress, city, cp) values (48, 'Baron', 'Cosins', 'Dzyarzhynsk', null);
insert into cinemaplace (id_cinemaplace, name, adress, city, cp) values (49, 'Almire', 'Vescovini', 'Lazo', '692980');
insert into cinemaplace (id_cinemaplace, name, adress, city, cp) values (50, 'Marcellina', 'Anders', 'Ampatuan', '9609');
insert into cinemaplace (id_cinemaplace, name, adress, city, cp) values (51, 'Oralle', 'Buchanan', 'Tongshanxiang', null);
insert into cinemaplace (id_cinemaplace, name, adress, city, cp) values (52, 'Andi', 'MacKaig', 'Seren Barat', null);
insert into cinemaplace (id_cinemaplace, name, adress, city, cp) values (53, 'Adena', 'Creak', 'Pondokrejo Wetan', null);
insert into cinemaplace (id_cinemaplace, name, adress, city, cp) values (54, 'Waiter', 'Giacopazzi', 'Hongjiazui', null);
insert into cinemaplace (id_cinemaplace, name, adress, city, cp) values (55, 'Shanan', 'Elkin', 'Khawr Maksar', null);
insert into cinemaplace (id_cinemaplace, name, adress, city, cp) values (56, 'Hardy', 'Cochran', 'Esparza', '60201');
insert into cinemaplace (id_cinemaplace, name, adress, city, cp) values (57, 'Estell', 'Perfili', 'Koronowo', '86-010');
insert into cinemaplace (id_cinemaplace, name, adress, city, cp) values (58, 'Terence', 'Umbert', 'Tangwei', null);
insert into cinemaplace (id_cinemaplace, name, adress, city, cp) values (59, 'Timotheus', 'MacFadyen', 'Wonokerto', null);
insert into cinemaplace (id_cinemaplace, name, adress, city, cp) values (60, 'Nicolette', 'Vaan', 'Guanshan', null);
insert into cinemaplace (id_cinemaplace, name, adress, city, cp) values (61, 'Franni', 'Hizir', 'Karangtengah', null);
insert into cinemaplace (id_cinemaplace, name, adress, city, cp) values (62, 'Elliot', 'Grindall', 'Bar-le-Duc', '55013 CEDEX');
insert into cinemaplace (id_cinemaplace, name, adress, city, cp) values (63, 'Zacherie', 'Stelli', 'Oxford', 'K7A');
insert into cinemaplace (id_cinemaplace, name, adress, city, cp) values (64, 'Marylin', 'Denniston', 'Faisal?b?d', '48101');
insert into cinemaplace (id_cinemaplace, name, adress, city, cp) values (65, 'Bevon', 'Gundrey', 'Caoping', null);
insert into cinemaplace (id_cinemaplace, name, adress, city, cp) values (66, 'Gearard', 'Tramel', 'München', '81543');
insert into cinemaplace (id_cinemaplace, name, adress, city, cp) values (67, 'Quinton', 'Mucklestone', 'Imulolong', null);
insert into cinemaplace (id_cinemaplace, name, adress, city, cp) values (68, 'Stacy', 'Wastie', 'Samangawah', null);
insert into cinemaplace (id_cinemaplace, name, adress, city, cp) values (69, 'Damaris', 'Bruntje', 'Abakaliki', null);
insert into cinemaplace (id_cinemaplace, name, adress, city, cp) values (70, 'Stace', 'Brosoli', 'Miranda', '191529');
insert into cinemaplace (id_cinemaplace, name, adress, city, cp) values (71, 'Marylinda', 'Bazoche', 'Grebnevo', '141160');
insert into cinemaplace (id_cinemaplace, name, adress, city, cp) values (72, 'Matthieu', 'Ellor', 'Gjirokastër', null);
insert into cinemaplace (id_cinemaplace, name, adress, city, cp) values (73, 'Pryce', 'Gowling', 'København', '1201');
insert into cinemaplace (id_cinemaplace, name, adress, city, cp) values (74, 'Dedra', 'Dorwood', 'Gongnong', null);
insert into cinemaplace (id_cinemaplace, name, adress, city, cp) values (75, 'Kippy', 'Braden', 'Negotino', '1440');
insert into cinemaplace (id_cinemaplace, name, adress, city, cp) values (76, 'Lelah', 'Spaduzza', 'Quiling', '2902');
insert into cinemaplace (id_cinemaplace, name, adress, city, cp) values (77, 'Appolonia', 'Beal', 'Ili', null);
insert into cinemaplace (id_cinemaplace, name, adress, city, cp) values (78, 'Marven', 'Phillot', 'Shapa', null);
insert into cinemaplace (id_cinemaplace, name, adress, city, cp) values (79, 'Loreen', 'Orhtmann', 'Fubei', null);
insert into cinemaplace (id_cinemaplace, name, adress, city, cp) values (80, 'Eleni', 'Lars', 'Conchopata', null);
insert into cinemaplace (id_cinemaplace, name, adress, city, cp) values (81, 'Allen', 'Mitkcov', 'Thessaloníki', null);
insert into cinemaplace (id_cinemaplace, name, adress, city, cp) values (82, 'Juana', 'Youthead', 'Luau', null);
insert into cinemaplace (id_cinemaplace, name, adress, city, cp) values (83, 'Sileas', 'Leasor', 'Yingpu', null);
insert into cinemaplace (id_cinemaplace, name, adress, city, cp) values (84, 'Leia', 'Abrami', 'Niederanven', 'L-6948');
insert into cinemaplace (id_cinemaplace, name, adress, city, cp) values (85, 'Meggy', 'Bruckmann', 'København', '1738');
insert into cinemaplace (id_cinemaplace, name, adress, city, cp) values (86, 'Brennen', 'Vooght', 'Palompon', '6538');
insert into cinemaplace (id_cinemaplace, name, adress, city, cp) values (87, 'Laryssa', 'MacArthur', 'Batusangkar', null);
insert into cinemaplace (id_cinemaplace, name, adress, city, cp) values (88, 'Liam', 'Hebburn', 'Ujar', null);
insert into cinemaplace (id_cinemaplace, name, adress, city, cp) values (89, 'Felicio', 'Legrice', 'Toulon', '83087 CEDEX 9');
insert into cinemaplace (id_cinemaplace, name, adress, city, cp) values (90, 'Darla', 'Cutts', 'Bhakkar', '30001');
insert into cinemaplace (id_cinemaplace, name, adress, city, cp) values (91, 'Jamesy', 'Tilt', 'Woto', null);
insert into cinemaplace (id_cinemaplace, name, adress, city, cp) values (92, 'Chiarra', 'Flaune', 'Tabon', '6710');
insert into cinemaplace (id_cinemaplace, name, adress, city, cp) values (93, 'Myrtie', 'Queree', 'Wanzu', null);
insert into cinemaplace (id_cinemaplace, name, adress, city, cp) values (94, 'Didi', 'Methringham', 'Mar?veh Tappeh', null);
insert into cinemaplace (id_cinemaplace, name, adress, city, cp) values (95, 'Beale', 'Bigham', 'Datarnangka', null);
insert into cinemaplace (id_cinemaplace, name, adress, city, cp) values (96, 'Aleksandr', 'Newlan', '??????', '1225');
insert into cinemaplace (id_cinemaplace, name, adress, city, cp) values (97, 'Broderick', 'Daud', 'Varnávas', null);
insert into cinemaplace (id_cinemaplace, name, adress, city, cp) values (98, 'Melanie', 'MacAlees', 'Batang', null);
insert into cinemaplace (id_cinemaplace, name, adress, city, cp) values (99, 'Mahmoud', 'Domesday', 'Sundumbili', '9334');
insert into cinemaplace (id_cinemaplace, name, adress, city, cp) values (100, 'Morgen', 'Meffen', 'Laya', '3107');

insert into movie (id_movie , title, resume, duration) values (1, 'Omar', 'Drama|Romance', '120');
insert into movie (id_movie , title, resume, duration) values (2, 'Kotch', 'Comedy|Drama', '120');
insert into movie (id_movie , title, resume, duration) values (3, 'Riddick', 'Action|Sci-Fi|Thriller|IMAX', '120');
insert into movie (id_movie , title, resume, duration) values (4, 'Beautiful Creatures', 'Comedy|Crime|Drama|Thriller', '120');
insert into movie (id_movie , title, resume, duration) values (5, 'Glass Key, The', 'Crime|Drama|Film-Noir|Mystery', '180');
insert into movie (id_movie , title, resume, duration) values (6, 'Rebirth of Mothra III', 'Action|Fantasy|Sci-Fi', '180');
insert into movie (id_movie , title, resume, duration) values (7, 'Stander', 'Action|Crime|Drama', '180');
insert into movie (id_movie , title, resume, duration) values (8, 'Carnosaur', 'Horror|Sci-Fi', '180');
insert into movie (id_movie , title, resume, duration) values (9, 'Time Regained (Temps retrouvé, Le)', 'Drama', '180');
insert into movie (id_movie , title, resume, duration) values (10, 'Hip Hop Witch, Da', 'Comedy|Horror|Thriller', '360');
insert into movie (id_movie , title, resume, duration) values (11, 'First Target', 'Action', '60');
insert into movie (id_movie , title, resume, duration) values (12, 'Precious', 'Drama', '60');
insert into movie (id_movie , title, resume, duration) values (13, 'I Remember (Eu Me Lembro)', 'Drama', '60');
insert into movie (id_movie , title, resume, duration) values (14, '18 Years Old and Rising (J''aime regarder les filles)', 'Comedy', '60');
insert into movie (id_movie , title, resume, duration) values (15, 'Def-Con 4', 'Action|Sci-Fi', '60');
insert into movie (id_movie , title, resume, duration) values (16, 'Halloween II', 'Horror|Thriller', '120');
insert into movie (id_movie , title, resume, duration) values (17, 'Reel Rock 8 ', 'Documentary', '120');
insert into movie (id_movie , title, resume, duration) values (18, 'Stand and Deliver', 'Comedy|Drama', '120');
insert into movie (id_movie , title, resume, duration) values (19, 'Anna Karenina', 'Drama|Romance', '120');
insert into movie (id_movie , title, resume, duration) values (20, 'Bank Error in Your Favour (Erreur de la banque en votre faveur)', 'Comedy', '120');
insert into movie (id_movie , title, resume, duration) values (21, 'Into the Abyss', 'Documentary', '120');
insert into movie (id_movie , title, resume, duration) values (22, 'Marc Pease Experience, The', 'Comedy|Drama|Musical', '120');
insert into movie (id_movie , title, resume, duration) values (23, 'Fool for Love', 'Drama', '120');
insert into movie (id_movie , title, resume, duration) values (24, 'Osterman Weekend, The', 'Action|Thriller', '120');
insert into movie (id_movie , title, resume, duration) values (25, 'In Search of a Midnight Kiss', 'Comedy|Romance', '180');
insert into movie (id_movie , title, resume, duration) values (26, 'Affair of the Necklace, The', 'Drama', '180');
insert into movie (id_movie , title, resume, duration) values (27, 'My Date with Drew', 'Comedy|Documentary|Romance', '180');
insert into movie (id_movie , title, resume, duration) values (28, 'EMR', 'Thriller', '180');
insert into movie (id_movie , title, resume, duration) values (29, 'Confessions of a Burning Man', 'Documentary', '180');
insert into movie (id_movie , title, resume, duration) values (30, 'Museum Hours', 'Drama', '180');
insert into movie (id_movie , title, resume, duration) values (31, 'Respiro', 'Comedy|Drama', '180');
insert into movie (id_movie , title, resume, duration) values (32, 'Magic of Méliès, The (magie Méliès, La)', 'Documentary', '180');
insert into movie (id_movie , title, resume, duration) values (33, 'Shark Night 3D', 'Horror|Thriller', '180');
insert into movie (id_movie , title, resume, duration) values (34, 'White Dwarf, The (Valkoinen kääpiö)', 'Drama', '120');
insert into movie (id_movie , title, resume, duration) values (35, 'Deliverance Creek', 'Drama', '120');
insert into movie (id_movie , title, resume, duration) values (36, 'Tar', 'Drama', '120');
insert into movie (id_movie , title, resume, duration) values (37, 'The Thirteen Assassins', 'Action|Adventure', '120');
insert into movie (id_movie , title, resume, duration) values (38, 'Deep Sea 3D', 'Documentary|IMAX', '120');
insert into movie (id_movie , title, resume, duration) values (39, 'Nukes in Space', 'Documentary', '120');
insert into movie (id_movie , title, resume, duration) values (40, 'Nancy Drew', 'Adventure|Crime|Thriller', '120');
insert into movie (id_movie , title, resume, duration) values (41, 'Red', 'Action|Comedy', '120');
insert into movie (id_movie , title, resume, duration) values (42, 'Spencer''s Mountain', 'Comedy|Drama', '120');
insert into movie (id_movie , title, resume, duration) values (43, 'Chris Rock: Bigger & Blacker', 'Comedy', '120');
insert into movie (id_movie , title, resume, duration) values (44, 'Kolya (Kolja)', 'Comedy|Drama', '120');
insert into movie (id_movie , title, resume, duration) values (45, 'Battleship', 'Action|Sci-Fi|Thriller|IMAX', '120');
insert into movie (id_movie , title, resume, duration) values (46, 'Little Fugitive', 'Drama', '120');
insert into movie (id_movie , title, resume, duration) values (47, 'The New Babylon', 'Drama', '120');
insert into movie (id_movie , title, resume, duration) values (48, 'All About Actresses (Le bal des actrices)', 'Comedy|Drama', '120');
insert into movie (id_movie , title, resume, duration) values (49, 'Santa''s Slay', 'Comedy|Fantasy|Horror', '120');
insert into movie (id_movie , title, resume, duration) values (50, 'Trial, The (Procès, Le)', 'Drama', '120');
insert into movie (id_movie , title, resume, duration) values (51, 'Fitna', 'Documentary', '120');
insert into movie (id_movie , title, resume, duration) values (52, 'Inquisitor, The (a.k.a. Under Suspicion) (Garde à vue)', 'Crime|Drama', '120');
insert into movie (id_movie , title, resume, duration) values (53, 'Jubilation Street', '(no genres listed)', '120');
insert into movie (id_movie , title, resume, duration) values (54, 'Adore', 'Drama|Romance', '120');
insert into movie (id_movie , title, resume, duration) values (55, 'Alexandra (Aleksandra)', 'Drama|War', '120');
insert into movie (id_movie , title, resume, duration) values (56, 'McCullin', 'Documentary', '120');
insert into movie (id_movie , title, resume, duration) values (57, 'American Tail, An', 'Adventure|Animation|Children|Comedy', '120');
insert into movie (id_movie , title, resume, duration) values (58, 'Drifting Clouds (Kauas pilvet karkaavat)', 'Comedy|Drama', '120');
insert into movie (id_movie , title, resume, duration) values (59, 'Breakheart Pass', 'Western', '120');
insert into movie (id_movie , title, resume, duration) values (60, 'Ghost Dad', 'Comedy|Fantasy', '120');
insert into movie (id_movie , title, resume, duration) values (61, 'Competition, The', 'Drama|Romance', '120');
insert into movie (id_movie , title, resume, duration) values (62, 'Kiss Me Kate', 'Comedy|Musical|Romance', '120');
insert into movie (id_movie , title, resume, duration) values (63, 'Love Stinks', 'Comedy', '120');
insert into movie (id_movie , title, resume, duration) values (64, 'Waiting Room, The', 'Documentary', '180');
insert into movie (id_movie , title, resume, duration) values (65, 'Stepfather II', 'Horror|Thriller', '120');
insert into movie (id_movie , title, resume, duration) values (66, 'Madhouse', 'Horror|Thriller', '120');
insert into movie (id_movie , title, resume, duration) values (67, 'Candidate, The (Kandidaten)', 'Thriller', '60');
insert into movie (id_movie , title, resume, duration) values (68, 'Fly, The', 'Horror|Mystery|Sci-Fi', '120');
insert into movie (id_movie , title, resume, duration) values (69, 'God Is the Bigger Elvis', 'Documentary', '120');
insert into movie (id_movie , title, resume, duration) values (70, 'Hitler''s Stealth Fighter', 'Documentary', '120');
insert into movie (id_movie , title, resume, duration) values (71, 'Big Buck Bunny', 'Animation|Comedy', '120');
insert into movie (id_movie , title, resume, duration) values (72, 'India: Matri Bhumi', 'Documentary|Drama', '120');
insert into movie (id_movie , title, resume, duration) values (73, 'On the Road', 'Adventure|Drama', '120');
insert into movie (id_movie , title, resume, duration) values (74, 'Film ist. 7-12', 'Documentary', '120');
insert into movie (id_movie , title, resume, duration) values (75, 'Happy Poet, The', 'Comedy|Drama|Romance', '120');
insert into movie (id_movie , title, resume, duration) values (76, 'Alias the Doctor', 'Drama', '120');
insert into movie (id_movie , title, resume, duration) values (77, 'Dr. Dolittle 3', 'Children|Comedy|Fantasy', '120');
insert into movie (id_movie , title, resume, duration) values (78, 'Benny & Joon', 'Comedy|Romance', '120');
insert into movie (id_movie , title, resume, duration) values (79, 'Invasion U.S.A.', 'Action|Thriller', '120');
insert into movie (id_movie , title, resume, duration) values (80, 'Melinda and Melinda', 'Comedy|Drama', '120');
insert into movie (id_movie , title, resume, duration) values (81, 'Midnight Dancers (Sibak)', 'Comedy|Drama', '60');
insert into movie (id_movie , title, resume, duration) values (82, 'Fanny and Alexander (Fanny och Alexander)', 'Drama|Fantasy|Mystery', '60');
insert into movie (id_movie , title, resume, duration) values (83, 'Great Lie, The', 'Drama', '60');
insert into movie (id_movie , title, resume, duration) values (84, 'Kairat', 'Drama', '60');
insert into movie (id_movie , title, resume, duration) values (85, 'Street Thief', 'Crime|Documentary', '60');
insert into movie (id_movie , title, resume, duration) values (86, 'Hiding Out', 'Comedy', '60');
insert into movie (id_movie , title, resume, duration) values (87, 'Sarah Silverman:  We Are Miracles', 'Comedy', '60');
insert into movie (id_movie , title, resume, duration) values (88, 'Long Voyage Home, The', 'Drama|War', '60');
insert into movie (id_movie , title, resume, duration) values (89, 'Boy (Shônen)', 'Drama', '60');
insert into movie (id_movie , title, resume, duration) values (90, '20,000 Leagues Under the Sea', 'Adventure|Romance|Sci-Fi', '60');
insert into movie (id_movie , title, resume, duration) values (91, 'RocketMan (a.k.a. Rocket Man)', 'Children|Comedy|Romance|Sci-Fi', '60');
insert into movie (id_movie , title, resume, duration) values (92, 'Chu Chin Chow', 'Comedy|Fantasy|Musical', '60');
insert into movie (id_movie , title, resume, duration) values (93, 'The Swedish Moment', 'Comedy', '60');
insert into movie (id_movie , title, resume, duration) values (94, 'Twelve Angry Men', 'Drama', '60');
insert into movie (id_movie , title, resume, duration) values (95, 'Wyvern', 'Horror|Sci-Fi|Thriller', '60');
insert into movie (id_movie , title, resume, duration) values (96, 'Map For Saturday, A', 'Documentary', '60');
insert into movie (id_movie , title, resume, duration) values (97, 'An American Tail: The Treasure of Manhattan Island', 'Adventure|Animation', '60');
insert into movie (id_movie , title, resume, duration) values (98, 'Road House', 'Action|Drama', '60');
insert into movie (id_movie , title, resume, duration) values (99, 'Caramel (Sukkar banat)', 'Comedy', '60');
insert into movie (id_movie , title, resume, duration) values (100, 'Wind Rises, The (Kaze tachinu)', 'Animation|Drama|Romance', '60');

insert into spectator (id_spectator, email, password, name, surname, birthdate, categoryspectator) values (1, 'tabbatini0@mail.ru', '$2y$12$1FbeA6nYnO44qR4JtFDUYuN85xCIRiu/LpjKgRnu8/vtFL6OmXOay', 'Abbatini', 'Townie', '1999-03-21', 'student');
insert into spectator (id_spectator, email, password, name, surname, birthdate, categoryspectator) values (2, 'isenton1@pagesperso-orange.fr', '$2y$12$6ncxAiBVA29LvKVpy/adn.n9hAjUUwy1RscHcocgXft/RNQWwbFqq', 'Senton', 'Ingelbert', '2021-06-27', 'student');
insert into spectator (id_spectator, email, password, name, surname, birthdate, categoryspectator) values (3, 'cbailey2@merriam-webster.com', '$2y$12$b.b5hmRYlGvSXSzRRnmOaOV9GorTikAsFZ8QyPD994evNJM6KovdW', 'Bailey', 'Corbet', '1994-09-20', 'nostudent');
insert into spectator (id_spectator, email, password, name, surname, birthdate, categoryspectator) values (4, 'jlande3@mit.edu', '$2y$12$iisfrlYQBSWVZHHZrhsM5uM/TJLSSSHxGaHY23S2H5NtCL6RWFVQq', 'Lande', 'Jedediah', '1957-05-28', 'nostudent');
insert into spectator (id_spectator, email, password, name, surname, birthdate, categoryspectator) values (5, 'srecher4@bbb.org', '$2y$12$pbWVL8TDuhX6Q8tLwVEF1eN.TPfHSps6hJxtDKSrrlqvsXpj7j7Q6', 'Recher', 'Silvan', '1979-11-04', 'nostudent');
insert into spectator (id_spectator, email, password, name, surname, birthdate, categoryspectator) values (6, 'oswyn5@google.com.au', '$2y$12$.JwFAn08e1mWvDhxdqCZHOzWebt5WWCrGhVupyE.ue2OVnzvwLEjy', 'Swyn', 'Orv', '1957-01-18', 'nostudent');
insert into spectator (id_spectator, email, password, name, surname, birthdate, categoryspectator) values (7, 'tsmorthit6@storify.com', '$2y$12$8z3SYSrFNpujznVcS4btL.VtG1tRMFlZkA5jnMePdFluiPdl6Jgoa', 'Smorthit', 'Terese', '1978-06-24', 'nostudent');
insert into spectator (id_spectator, email, password, name, surname, birthdate, categoryspectator) values (8, 'fcicchinelli7@phoca.cz', '$2y$12$JwzrgVG6sKwaIZw/LF8neeSQKS22qgN10zzDGaVrRgXCdi3VbWmLK', 'Cicchinelli', 'Felicity', '1944-10-26', 'nostudent');
insert into spectator (id_spectator, email, password, name, surname, birthdate, categoryspectator) values (9, 'sduddin8@discovery.com', '$2y$12$2DjGTOK6ezfV1e1HBltz5Ol.gbInJOJOSeMu/wdvnLHKLP06A1Nc6', 'Duddin', 'Sharon', '2016-05-19', 'nostudent');
insert into spectator (id_spectator, email, password, name, surname, birthdate, categoryspectator) values (10, 'cschwerin9@google.com.hk', '$2y$12$BlSJWATPMjd3D7pLfecfQeMomszCz0p2Okef0UCyUVcftk4UAQsKO', 'Schwerin', 'Carine', '2017-08-15', 'student');


insert into movieroom (id_movieroom, totalplace, namemovie_room, id_cinemaplace) values (1, 71, 'diigo.com', 1);
insert into movieroom (id_movieroom, totalplace, namemovie_room, id_cinemaplace) values (2, 67, 'php.net', 1);
insert into movieroom (id_movieroom, totalplace, namemovie_room, id_cinemaplace) values (3, 65, 'themeforest.net', 1);
insert into movieroom (id_movieroom, totalplace, namemovie_room, id_cinemaplace) values (4, 60, '4shared.com', 1);
insert into movieroom (id_movieroom, totalplace, namemovie_room, id_cinemaplace) values (5, 71, 'arstechnica.com', 2);
insert into movieroom (id_movieroom, totalplace, namemovie_room, id_cinemaplace) values (6, 9, 'cocolog-nifty.com', 2);
insert into movieroom (id_movieroom, totalplace, namemovie_room, id_cinemaplace) values (7, 88, 'xing.com', 2);
insert into movieroom (id_movieroom, totalplace, namemovie_room, id_cinemaplace) values (8, 46, 'facebook.com', 2);
insert into movieroom (id_movieroom, totalplace, namemovie_room, id_cinemaplace) values (9, 36, 'google.it', 2);
insert into movieroom (id_movieroom, totalplace, namemovie_room, id_cinemaplace) values (10, 17, 'omniture.com', 2);

insert into filmshow (id_filmshow, datetimeshow, id_movieroom , id_movie) values (1, '2021-08-27', 1, 1);
insert into filmshow (id_filmshow, datetimeshow, id_movieroom , id_movie) values (2, '2021-08-29', 1, 1);
insert into filmshow (id_filmshow, datetimeshow, id_movieroom , id_movie) values (3, '2021-08-23', 1, 1);
insert into filmshow (id_filmshow, datetimeshow, id_movieroom , id_movie) values (4, '2021-08-20', 1, 1);
insert into filmshow (id_filmshow, datetimeshow, id_movieroom , id_movie) values (5, '2021-08-22', 1, 1);
insert into filmshow (id_filmshow, datetimeshow, id_movieroom , id_movie) values (6, '2021-08-21', 1, 1);
insert into filmshow (id_filmshow, datetimeshow, id_movieroom , id_movie) values (7, '2021-08-29', 2, 3);
insert into filmshow (id_filmshow, datetimeshow, id_movieroom , id_movie) values (8, '2021-08-23', 2, 4);
insert into filmshow (id_filmshow, datetimeshow, id_movieroom , id_movie) values (9, '2021-08-26', 2, 5);
insert into filmshow (id_filmshow, datetimeshow, id_movieroom , id_movie) values (10, '2021-08-23', 2, 2);


insert into booked (id_booked, placenumber, payment, paymentdone, id_filmshow , id_spectator , id_price) values (1, 1, 'internet', true, 1, 1, 1);
insert into booked (id_booked, placenumber, payment, paymentdone, id_filmshow , id_spectator , id_price) values (2, 8, 'direct', true, 1, 2, 2);
insert into booked (id_booked, placenumber, payment, paymentdone, id_filmshow , id_spectator , id_price) values (3, 7, 'direct', true, 1, 3, 2);
insert into booked (id_booked, placenumber, payment, paymentdone, id_filmshow , id_spectator , id_price) values (4, 5, 'direct', true, 1, 4, 2);







